{"cameraMode":{"drawMode":0,"name":"Shaded","section":"Shading Mode"},"sceneLighting":true,"audioPlay":false,"sceneViewState":{"showFog":true,"showMaterialUpdate":false,"showSkybox":true,"showFlares":true,"showImageEffects":true,"showParticleSystems":true},"in2DMode":false,"pivot":{"x":-7.0633769035339359,"y":0.760441780090332,"z":-43.35643768310547},"rotation":{"x":0.10127633064985275,"y":0.12945839762687684,"z":-0.013249366544187069,"w":0.9863721132278442},"size":9.064956665039063,"orthographic":false}