{"cameraMode":{"drawMode":0,"name":"Shaded","section":"Shading Mode"},"sceneLighting":true,"audioPlay":false,"sceneViewState":{"showFog":true,"showMaterialUpdate":false,"showSkybox":true,"showFlares":true,"showImageEffects":true,"showParticleSystems":true},"in2DMode":false,"pivot":{"x":-13.623908996582032,"y":6.190710067749023,"z":-63.72948455810547},"rotation":{"x":-0.007938002236187458,"y":-0.989578127861023,"z":-0.13108259439468385,"w":0.060931891202926639},"size":3.7928459644317629,"orthographic":false}