{"cameraMode":{"drawMode":0,"name":"Shaded","section":"Shading Mode"},"sceneLighting":false,"audioPlay":false,"sceneViewState":{"showFog":true,"showMaterialUpdate":false,"showSkybox":false,"showFlares":true,"showImageEffects":true,"showParticleSystems":true},"in2DMode":false,"pivot":{"x":-19.0,"y":1.8687500953674317,"z":-74.45999908447266},"rotation":{"x":0.09803394228219986,"y":-0.6723129749298096,"z":0.09049704670906067,"w":0.7282077074050903},"size":2.2316009998321535,"orthographic":false}