{"cameraMode":{"drawMode":0,"name":"Shaded","section":"Shading Mode"},"sceneLighting":false,"audioPlay":false,"sceneViewState":{"showFog":true,"showMaterialUpdate":false,"showSkybox":false,"showFlares":true,"showImageEffects":true,"showParticleSystems":true},"in2DMode":false,"pivot":{"x":-19.202392578125,"y":2.886003017425537,"z":-66.75125122070313},"rotation":{"x":0.04071583226323128,"y":-0.6606987714767456,"z":0.03590632602572441,"w":0.7487471699714661},"size":4.040521621704102,"orthographic":false}