{"cameraMode":{"drawMode":0,"name":"Shaded","section":"Shading Mode"},"sceneLighting":false,"audioPlay":false,"sceneViewState":{"showFog":true,"showMaterialUpdate":false,"showSkybox":false,"showFlares":true,"showImageEffects":true,"showParticleSystems":true},"in2DMode":false,"pivot":{"x":-27.520540237426759,"y":4.183656692504883,"z":-68.0579833984375},"rotation":{"x":0.012600990012288094,"y":-0.662704586982727,"z":0.011127453297376633,"w":0.7487549781799316},"size":7.681877136230469,"orthographic":false}