{"cameraMode":{"drawMode":0,"name":"Shaded","section":"Shading Mode"},"sceneLighting":true,"audioPlay":false,"sceneViewState":{"showFog":true,"showMaterialUpdate":false,"showSkybox":true,"showFlares":true,"showImageEffects":true,"showParticleSystems":true},"in2DMode":false,"pivot":{"x":-9.001932144165039,"y":1.9776966571807862,"z":-80.2536392211914},"rotation":{"x":0.025663789361715318,"y":-0.8462347388267517,"z":0.04090981185436249,"w":0.530669093132019},"size":10.0,"orthographic":false}