{"cameraMode":{"drawMode":0,"name":"Shaded","section":"Shading Mode"},"sceneLighting":true,"audioPlay":false,"sceneViewState":{"showFog":true,"showMaterialUpdate":false,"showSkybox":true,"showFlares":true,"showImageEffects":true,"showParticleSystems":true},"in2DMode":false,"pivot":{"x":-27.365665435791017,"y":0.36908963322639468,"z":-69.67576599121094},"rotation":{"x":0.09803394228219986,"y":-0.6723129749298096,"z":0.09049704670906067,"w":0.7282077074050903},"size":9.064956665039063,"orthographic":false}