{"cameraMode":{"drawMode":0,"name":"Shaded","section":"Shading Mode"},"sceneLighting":true,"audioPlay":false,"sceneViewState":{"showFog":true,"showMaterialUpdate":false,"showSkybox":true,"showFlares":true,"showImageEffects":true,"showParticleSystems":true},"in2DMode":false,"pivot":{"x":-7.054605960845947,"y":3.850135564804077,"z":-61.003902435302737},"rotation":{"x":-0.0037356496322900059,"y":0.9886358380317688,"z":-0.14821411669254304,"w":-0.024917995557188989},"size":10.0,"orthographic":false}