{"cameraMode":{"drawMode":0,"name":"Shaded","section":"Shading Mode"},"sceneLighting":false,"audioPlay":false,"sceneViewState":{"showFog":true,"showMaterialUpdate":false,"showSkybox":false,"showFlares":true,"showImageEffects":true,"showParticleSystems":true},"in2DMode":false,"pivot":{"x":-19.142009735107423,"y":2.8352174758911135,"z":-60.818607330322269},"rotation":{"x":-0.01709648035466671,"y":-0.6912975907325745,"z":-0.016396138817071916,"w":0.7222456932067871},"size":1.9405219554901124,"orthographic":false}