{"cameraMode":{"drawMode":0,"name":"Shaded","section":"Shading Mode"},"sceneLighting":false,"audioPlay":false,"sceneViewState":{"showFog":true,"showMaterialUpdate":false,"showSkybox":false,"showFlares":true,"showImageEffects":true,"showParticleSystems":true},"in2DMode":false,"pivot":{"x":-19.1374568939209,"y":2.381380319595337,"z":-57.79045486450195},"rotation":{"x":0.025120234116911889,"y":-0.6921555995941162,"z":0.02409135363996029,"w":0.7209722995758057},"size":1.340522050857544,"orthographic":false}