{"cameraMode":{"drawMode":0,"name":"Shaded","section":"Shading Mode"},"sceneLighting":true,"audioPlay":false,"sceneViewState":{"showFog":true,"showMaterialUpdate":false,"showSkybox":true,"showFlares":true,"showImageEffects":true,"showParticleSystems":true},"in2DMode":false,"pivot":{"x":-0.1957859992980957,"y":2.199153423309326,"z":-83.00916290283203},"rotation":{"x":-0.1785694807767868,"y":0.3508029282093048,"z":-0.06819839030504227,"w":-0.9168520569801331},"size":3.1024184226989748,"orthographic":false}