{"cameraMode":{"drawMode":0,"name":"Shaded","section":"Shading Mode"},"sceneLighting":true,"audioPlay":false,"sceneViewState":{"showFog":true,"showMaterialUpdate":false,"showSkybox":true,"showFlares":true,"showImageEffects":true,"showParticleSystems":true},"in2DMode":false,"pivot":{"x":261.7309875488281,"y":943.2724609375,"z":-63.38333511352539},"rotation":{"x":-0.004812473431229591,"y":0.006908784154802561,"z":0.00007768044451950118,"w":-1.0000627040863038},"size":70.71067810058594,"orthographic":false}