{"cameraMode":{"drawMode":0,"name":"Shaded","section":"Shading Mode"},"sceneLighting":true,"audioPlay":false,"sceneViewState":{"showFog":true,"showMaterialUpdate":false,"showSkybox":true,"showFlares":true,"showImageEffects":true,"showParticleSystems":true},"in2DMode":false,"pivot":{"x":-30.725725173950197,"y":-0.002830028533935547,"z":-61.029579162597659},"rotation":{"x":0.07145831733942032,"y":-0.653080403804779,"z":0.06210171803832054,"w":0.7514012455940247},"size":9.083351135253907,"orthographic":false}