{"cameraMode":{"drawMode":0,"name":"Shaded","section":"Shading Mode"},"sceneLighting":true,"audioPlay":false,"sceneViewState":{"showFog":true,"showMaterialUpdate":false,"showSkybox":true,"showFlares":true,"showImageEffects":true,"showParticleSystems":true},"in2DMode":false,"pivot":{"x":-18.534732818603517,"y":4.292734146118164,"z":-88.2852554321289},"rotation":{"x":-0.11199523508548737,"y":0.6700518131256104,"z":-0.10386571288108826,"w":-0.7267642617225647},"size":1.2247449159622193,"orthographic":false}