{"cameraMode":{"drawMode":0,"name":"Shaded","section":"Shading Mode"},"sceneLighting":true,"audioPlay":false,"sceneViewState":{"showFog":true,"showMaterialUpdate":false,"showSkybox":true,"showFlares":true,"showImageEffects":true,"showParticleSystems":true},"in2DMode":false,"pivot":{"x":-11.933769226074219,"y":-1.099926471710205,"z":-103.38426208496094},"rotation":{"x":0.04589180648326874,"y":-0.9190768003463745,"z":0.11250956356525421,"w":0.37488409876823428},"size":10.0,"orthographic":false}